<?xml version="1.0" encoding="ISO-8859-1"?>
<!DOCTYPE POWERMART SYSTEM "powrmart.dtd">
<POWERMART CREATION_DATE="04/19/2024 15:06:52" REPOSITORY_VERSION="179.88">
<REPOSITORY NAME="Infa_Rep_Service" VERSION="179" CODEPAGE="MS1252" DATABASETYPE="Oracle">
<FOLDER NAME="project" GROUP="" OWNER="iti" SHARED="NOTSHARED" DESCRIPTION="" PERMISSIONS="rwx---r--" UUID="f89b0207-cec0-415d-9b7d-06f335ade959">
    <SOURCE BUSINESSNAME ="" DATABASETYPE ="Flat File" DBDNAME ="FlatFile" DESCRIPTION ="" NAME ="Churn_Modelling2" OBJECTVERSION ="1" OWNERNAME ="" VERSIONNUMBER ="1">
        <FLATFILE CODEPAGE ="MS1252" CONSECDELIMITERSASONE ="NO" DELIMITED ="YES" DELIMITERS ="," ESCAPE_CHARACTER ="" KEEPESCAPECHAR ="NO" LINESEQUENTIAL ="NO" NULLCHARTYPE ="ASCII" NULL_CHARACTER ="*" PADBYTES ="1" QUOTE_CHARACTER ="DOUBLE" REPEATABLE ="NO" ROWDELIMITER ="0" SHIFTSENSITIVEDATA ="NO" SKIPROWS ="1" STRIPTRAILINGBLANKS ="NO"/>
        <TABLEATTRIBUTE NAME ="Base Table Name" VALUE =""/>
        <TABLEATTRIBUTE NAME ="Search Specification" VALUE =""/>
        <TABLEATTRIBUTE NAME ="Sort Specification" VALUE =""/>
        <TABLEATTRIBUTE NAME ="Datetime Format" VALUE ="A  19 mm/dd/yyyy hh24:mi:ss"/>
        <TABLEATTRIBUTE NAME ="Thousand Separator" VALUE ="None"/>
        <TABLEATTRIBUTE NAME ="Decimal Separator" VALUE ="."/>
        <TABLEATTRIBUTE NAME ="Add Currently Processed Flat File Name Port" VALUE ="NO"/>
        <SOURCEFIELD BUSINESSNAME ="" DATATYPE ="number" DESCRIPTION ="" FIELDNUMBER ="1" FIELDPROPERTY ="0" FIELDTYPE ="ELEMITEM" HIDDEN ="NO" KEYTYPE ="NOT A KEY" LENGTH ="3" LEVEL ="0" NAME ="RowNumber" NULLABLE ="NULL" OCCURS ="0" OFFSET ="0" PHYSICALLENGTH ="3" PHYSICALOFFSET ="0" PICTURETEXT ="" PRECISION ="3" SCALE ="0" USAGE_FLAGS =""/>
        <SOURCEFIELD BUSINESSNAME ="" DATATYPE ="number" DESCRIPTION ="" FIELDNUMBER ="2" FIELDPROPERTY ="0" FIELDTYPE ="ELEMITEM" HIDDEN ="NO" KEYTYPE ="NOT A KEY" LENGTH ="8" LEVEL ="0" NAME ="CustomerId" NULLABLE ="NULL" OCCURS ="0" OFFSET ="3" PHYSICALLENGTH ="8" PHYSICALOFFSET ="3" PICTURETEXT ="" PRECISION ="8" SCALE ="0" USAGE_FLAGS =""/>
        <SOURCEFIELD BUSINESSNAME ="" DATATYPE ="string" DESCRIPTION ="" FIELDNUMBER ="3" FIELDPROPERTY ="0" FIELDTYPE ="ELEMITEM" HIDDEN ="NO" KEYTYPE ="NOT A KEY" LENGTH ="17" LEVEL ="0" NAME ="Surname" NULLABLE ="NULL" OCCURS ="0" OFFSET ="11" PHYSICALLENGTH ="17" PHYSICALOFFSET ="11" PICTURETEXT ="" PRECISION ="17" SCALE ="0" USAGE_FLAGS =""/>
        <SOURCEFIELD BUSINESSNAME ="" DATATYPE ="number" DESCRIPTION ="" FIELDNUMBER ="4" FIELDPROPERTY ="0" FIELDTYPE ="ELEMITEM" HIDDEN ="NO" KEYTYPE ="NOT A KEY" LENGTH ="3" LEVEL ="0" NAME ="CreditScore" NULLABLE ="NULL" OCCURS ="0" OFFSET ="28" PHYSICALLENGTH ="3" PHYSICALOFFSET ="28" PICTURETEXT ="" PRECISION ="3" SCALE ="0" USAGE_FLAGS =""/>
        <SOURCEFIELD BUSINESSNAME ="" DATATYPE ="string" DESCRIPTION ="" FIELDNUMBER ="5" FIELDPROPERTY ="0" FIELDTYPE ="ELEMITEM" HIDDEN ="NO" KEYTYPE ="NOT A KEY" LENGTH ="6" LEVEL ="0" NAME ="Gender" NULLABLE ="NULL" OCCURS ="0" OFFSET ="31" PHYSICALLENGTH ="6" PHYSICALOFFSET ="31" PICTURETEXT ="" PRECISION ="6" SCALE ="0" USAGE_FLAGS =""/>
        <SOURCEFIELD BUSINESSNAME ="" DATATYPE ="number" DESCRIPTION ="" FIELDNUMBER ="6" FIELDPROPERTY ="0" FIELDTYPE ="ELEMITEM" HIDDEN ="NO" KEYTYPE ="NOT A KEY" LENGTH ="2" LEVEL ="0" NAME ="Age" NULLABLE ="NULL" OCCURS ="0" OFFSET ="37" PHYSICALLENGTH ="2" PHYSICALOFFSET ="37" PICTURETEXT ="" PRECISION ="2" SCALE ="0" USAGE_FLAGS =""/>
        <SOURCEFIELD BUSINESSNAME ="" DATATYPE ="number" DESCRIPTION ="" FIELDNUMBER ="7" FIELDPROPERTY ="0" FIELDTYPE ="ELEMITEM" HIDDEN ="NO" KEYTYPE ="NOT A KEY" LENGTH ="2" LEVEL ="0" NAME ="Tenure" NULLABLE ="NULL" OCCURS ="0" OFFSET ="39" PHYSICALLENGTH ="2" PHYSICALOFFSET ="39" PICTURETEXT ="" PRECISION ="2" SCALE ="0" USAGE_FLAGS =""/>
        <SOURCEFIELD BUSINESSNAME ="" DATATYPE ="number" DESCRIPTION ="" FIELDNUMBER ="8" FIELDPROPERTY ="0" FIELDTYPE ="ELEMITEM" HIDDEN ="NO" KEYTYPE ="NOT A KEY" LENGTH ="1" LEVEL ="0" NAME ="NumOfProducts" NULLABLE ="NULL" OCCURS ="0" OFFSET ="41" PHYSICALLENGTH ="1" PHYSICALOFFSET ="41" PICTURETEXT ="" PRECISION ="1" SCALE ="0" USAGE_FLAGS =""/>
        <SOURCEFIELD BUSINESSNAME ="" DATATYPE ="number" DESCRIPTION ="" FIELDNUMBER ="9" FIELDPROPERTY ="0" FIELDTYPE ="ELEMITEM" HIDDEN ="NO" KEYTYPE ="NOT A KEY" LENGTH ="1" LEVEL ="0" NAME ="HasCrCard" NULLABLE ="NULL" OCCURS ="0" OFFSET ="42" PHYSICALLENGTH ="1" PHYSICALOFFSET ="42" PICTURETEXT ="" PRECISION ="1" SCALE ="0" USAGE_FLAGS =""/>
        <SOURCEFIELD BUSINESSNAME ="" DATATYPE ="number" DESCRIPTION ="" FIELDNUMBER ="10" FIELDPROPERTY ="0" FIELDTYPE ="ELEMITEM" HIDDEN ="NO" KEYTYPE ="NOT A KEY" LENGTH ="9" LEVEL ="0" NAME ="EstimatedSalary" NULLABLE ="NULL" OCCURS ="0" OFFSET ="43" PHYSICALLENGTH ="9" PHYSICALOFFSET ="43" PICTURETEXT ="" PRECISION ="9" SCALE ="0" USAGE_FLAGS =""/>
        <SOURCEFIELD BUSINESSNAME ="" DATATYPE ="number" DESCRIPTION ="" FIELDNUMBER ="11" FIELDPROPERTY ="0" FIELDTYPE ="ELEMITEM" HIDDEN ="NO" KEYTYPE ="NOT A KEY" LENGTH ="1" LEVEL ="0" NAME ="Exited" NULLABLE ="NULL" OCCURS ="0" OFFSET ="52" PHYSICALLENGTH ="1" PHYSICALOFFSET ="52" PICTURETEXT ="" PRECISION ="1" SCALE ="0" USAGE_FLAGS =""/>
    </SOURCE>
    <TARGET BUSINESSNAME ="" CONSTRAINT ="" DATABASETYPE ="Oracle" DESCRIPTION ="" NAME ="RTRTRANS_g3" OBJECTVERSION ="1" TABLEOPTIONS ="" VERSIONNUMBER ="1">
        <TARGETFIELD BUSINESSNAME ="" DATATYPE ="number(p,s)" DESCRIPTION ="" FIELDNUMBER ="1" KEYTYPE ="NOT A KEY" NAME ="RowNumber4" NULLABLE ="NULL" PICTURETEXT ="" PRECISION ="3" SCALE ="0"/>
        <TARGETFIELD BUSINESSNAME ="" DATATYPE ="number(p,s)" DESCRIPTION ="" FIELDNUMBER ="2" KEYTYPE ="NOT A KEY" NAME ="CustomerId4" NULLABLE ="NULL" PICTURETEXT ="" PRECISION ="8" SCALE ="0"/>
        <TARGETFIELD BUSINESSNAME ="" DATATYPE ="varchar2" DESCRIPTION ="" FIELDNUMBER ="3" KEYTYPE ="NOT A KEY" NAME ="Surname4" NULLABLE ="NULL" PICTURETEXT ="" PRECISION ="17" SCALE ="0"/>
        <TARGETFIELD BUSINESSNAME ="" DATATYPE ="number(p,s)" DESCRIPTION ="" FIELDNUMBER ="4" KEYTYPE ="NOT A KEY" NAME ="CreditScore4" NULLABLE ="NULL" PICTURETEXT ="" PRECISION ="3" SCALE ="0"/>
        <TARGETFIELD BUSINESSNAME ="" DATATYPE ="varchar2" DESCRIPTION ="" FIELDNUMBER ="5" KEYTYPE ="NOT A KEY" NAME ="Gender4" NULLABLE ="NULL" PICTURETEXT ="" PRECISION ="6" SCALE ="0"/>
        <TARGETFIELD BUSINESSNAME ="" DATATYPE ="number(p,s)" DESCRIPTION ="" FIELDNUMBER ="6" KEYTYPE ="NOT A KEY" NAME ="Age4" NULLABLE ="NULL" PICTURETEXT ="" PRECISION ="2" SCALE ="0"/>
        <TARGETFIELD BUSINESSNAME ="" DATATYPE ="number(p,s)" DESCRIPTION ="" FIELDNUMBER ="7" KEYTYPE ="NOT A KEY" NAME ="Tenure4" NULLABLE ="NULL" PICTURETEXT ="" PRECISION ="2" SCALE ="0"/>
        <TARGETFIELD BUSINESSNAME ="" DATATYPE ="number(p,s)" DESCRIPTION ="" FIELDNUMBER ="8" KEYTYPE ="NOT A KEY" NAME ="NumOfProducts4" NULLABLE ="NULL" PICTURETEXT ="" PRECISION ="1" SCALE ="0"/>
        <TARGETFIELD BUSINESSNAME ="" DATATYPE ="number(p,s)" DESCRIPTION ="" FIELDNUMBER ="9" KEYTYPE ="NOT A KEY" NAME ="HasCrCard4" NULLABLE ="NULL" PICTURETEXT ="" PRECISION ="1" SCALE ="0"/>
        <TARGETFIELD BUSINESSNAME ="" DATATYPE ="number(p,s)" DESCRIPTION ="" FIELDNUMBER ="10" KEYTYPE ="NOT A KEY" NAME ="EstimatedSalary4" NULLABLE ="NULL" PICTURETEXT ="" PRECISION ="9" SCALE ="0"/>
        <TARGETFIELD BUSINESSNAME ="" DATATYPE ="number(p,s)" DESCRIPTION ="" FIELDNUMBER ="11" KEYTYPE ="NOT A KEY" NAME ="Exited4" NULLABLE ="NULL" PICTURETEXT ="" PRECISION ="1" SCALE ="0"/>
    </TARGET>
    <TARGET BUSINESSNAME ="" CONSTRAINT ="" DATABASETYPE ="Oracle" DESCRIPTION ="" NAME ="RTRTRANS_g2" OBJECTVERSION ="1" TABLEOPTIONS ="" VERSIONNUMBER ="1">
        <TARGETFIELD BUSINESSNAME ="" DATATYPE ="number(p,s)" DESCRIPTION ="" FIELDNUMBER ="1" KEYTYPE ="NOT A KEY" NAME ="RowNumber3" NULLABLE ="NULL" PICTURETEXT ="" PRECISION ="3" SCALE ="0"/>
        <TARGETFIELD BUSINESSNAME ="" DATATYPE ="number(p,s)" DESCRIPTION ="" FIELDNUMBER ="2" KEYTYPE ="NOT A KEY" NAME ="CustomerId3" NULLABLE ="NULL" PICTURETEXT ="" PRECISION ="8" SCALE ="0"/>
        <TARGETFIELD BUSINESSNAME ="" DATATYPE ="varchar2" DESCRIPTION ="" FIELDNUMBER ="3" KEYTYPE ="NOT A KEY" NAME ="Surname3" NULLABLE ="NULL" PICTURETEXT ="" PRECISION ="17" SCALE ="0"/>
        <TARGETFIELD BUSINESSNAME ="" DATATYPE ="number(p,s)" DESCRIPTION ="" FIELDNUMBER ="4" KEYTYPE ="NOT A KEY" NAME ="CreditScore3" NULLABLE ="NULL" PICTURETEXT ="" PRECISION ="3" SCALE ="0"/>
        <TARGETFIELD BUSINESSNAME ="" DATATYPE ="varchar2" DESCRIPTION ="" FIELDNUMBER ="5" KEYTYPE ="NOT A KEY" NAME ="Gender3" NULLABLE ="NULL" PICTURETEXT ="" PRECISION ="6" SCALE ="0"/>
        <TARGETFIELD BUSINESSNAME ="" DATATYPE ="number(p,s)" DESCRIPTION ="" FIELDNUMBER ="6" KEYTYPE ="NOT A KEY" NAME ="Age3" NULLABLE ="NULL" PICTURETEXT ="" PRECISION ="2" SCALE ="0"/>
        <TARGETFIELD BUSINESSNAME ="" DATATYPE ="number(p,s)" DESCRIPTION ="" FIELDNUMBER ="7" KEYTYPE ="NOT A KEY" NAME ="Tenure3" NULLABLE ="NULL" PICTURETEXT ="" PRECISION ="2" SCALE ="0"/>
        <TARGETFIELD BUSINESSNAME ="" DATATYPE ="number(p,s)" DESCRIPTION ="" FIELDNUMBER ="8" KEYTYPE ="NOT A KEY" NAME ="NumOfProducts3" NULLABLE ="NULL" PICTURETEXT ="" PRECISION ="1" SCALE ="0"/>
        <TARGETFIELD BUSINESSNAME ="" DATATYPE ="number(p,s)" DESCRIPTION ="" FIELDNUMBER ="9" KEYTYPE ="NOT A KEY" NAME ="HasCrCard3" NULLABLE ="NULL" PICTURETEXT ="" PRECISION ="1" SCALE ="0"/>
        <TARGETFIELD BUSINESSNAME ="" DATATYPE ="number(p,s)" DESCRIPTION ="" FIELDNUMBER ="10" KEYTYPE ="NOT A KEY" NAME ="EstimatedSalary3" NULLABLE ="NULL" PICTURETEXT ="" PRECISION ="9" SCALE ="0"/>
        <TARGETFIELD BUSINESSNAME ="" DATATYPE ="number(p,s)" DESCRIPTION ="" FIELDNUMBER ="11" KEYTYPE ="NOT A KEY" NAME ="Exited3" NULLABLE ="NULL" PICTURETEXT ="" PRECISION ="1" SCALE ="0"/>
    </TARGET>
    <TARGET BUSINESSNAME ="" CONSTRAINT ="" DATABASETYPE ="Oracle" DESCRIPTION ="" NAME ="RTRTRANS_g1" OBJECTVERSION ="1" TABLEOPTIONS ="" VERSIONNUMBER ="1">
        <TARGETFIELD BUSINESSNAME ="" DATATYPE ="number(p,s)" DESCRIPTION ="" FIELDNUMBER ="1" KEYTYPE ="NOT A KEY" NAME ="RowNumber1" NULLABLE ="NULL" PICTURETEXT ="" PRECISION ="3" SCALE ="0"/>
        <TARGETFIELD BUSINESSNAME ="" DATATYPE ="number(p,s)" DESCRIPTION ="" FIELDNUMBER ="2" KEYTYPE ="NOT A KEY" NAME ="CustomerId1" NULLABLE ="NULL" PICTURETEXT ="" PRECISION ="8" SCALE ="0"/>
        <TARGETFIELD BUSINESSNAME ="" DATATYPE ="varchar2" DESCRIPTION ="" FIELDNUMBER ="3" KEYTYPE ="NOT A KEY" NAME ="Surname1" NULLABLE ="NULL" PICTURETEXT ="" PRECISION ="17" SCALE ="0"/>
        <TARGETFIELD BUSINESSNAME ="" DATATYPE ="number(p,s)" DESCRIPTION ="" FIELDNUMBER ="4" KEYTYPE ="NOT A KEY" NAME ="CreditScore1" NULLABLE ="NULL" PICTURETEXT ="" PRECISION ="3" SCALE ="0"/>
        <TARGETFIELD BUSINESSNAME ="" DATATYPE ="varchar2" DESCRIPTION ="" FIELDNUMBER ="5" KEYTYPE ="NOT A KEY" NAME ="Gender1" NULLABLE ="NULL" PICTURETEXT ="" PRECISION ="6" SCALE ="0"/>
        <TARGETFIELD BUSINESSNAME ="" DATATYPE ="number(p,s)" DESCRIPTION ="" FIELDNUMBER ="6" KEYTYPE ="NOT A KEY" NAME ="Age1" NULLABLE ="NULL" PICTURETEXT ="" PRECISION ="2" SCALE ="0"/>
        <TARGETFIELD BUSINESSNAME ="" DATATYPE ="number(p,s)" DESCRIPTION ="" FIELDNUMBER ="7" KEYTYPE ="NOT A KEY" NAME ="Tenure1" NULLABLE ="NULL" PICTURETEXT ="" PRECISION ="2" SCALE ="0"/>
        <TARGETFIELD BUSINESSNAME ="" DATATYPE ="number(p,s)" DESCRIPTION ="" FIELDNUMBER ="8" KEYTYPE ="NOT A KEY" NAME ="NumOfProducts1" NULLABLE ="NULL" PICTURETEXT ="" PRECISION ="1" SCALE ="0"/>
        <TARGETFIELD BUSINESSNAME ="" DATATYPE ="number(p,s)" DESCRIPTION ="" FIELDNUMBER ="9" KEYTYPE ="NOT A KEY" NAME ="HasCrCard1" NULLABLE ="NULL" PICTURETEXT ="" PRECISION ="1" SCALE ="0"/>
        <TARGETFIELD BUSINESSNAME ="" DATATYPE ="number(p,s)" DESCRIPTION ="" FIELDNUMBER ="10" KEYTYPE ="NOT A KEY" NAME ="EstimatedSalary1" NULLABLE ="NULL" PICTURETEXT ="" PRECISION ="9" SCALE ="0"/>
        <TARGETFIELD BUSINESSNAME ="" DATATYPE ="number(p,s)" DESCRIPTION ="" FIELDNUMBER ="11" KEYTYPE ="NOT A KEY" NAME ="Exited1" NULLABLE ="NULL" PICTURETEXT ="" PRECISION ="1" SCALE ="0"/>
    </TARGET>
    <MAPPING DESCRIPTION ="" ISVALID ="YES" NAME ="3rd_question" OBJECTVERSION ="1" VERSIONNUMBER ="1">
        <TRANSFORMATION DESCRIPTION ="" NAME ="SQ_Churn_Modelling2" OBJECTVERSION ="1" REUSABLE ="NO" TYPE ="Source Qualifier" VERSIONNUMBER ="1">
            <TRANSFORMFIELD DATATYPE ="decimal" DEFAULTVALUE ="" DESCRIPTION ="" NAME ="RowNumber" PICTURETEXT ="" PORTTYPE ="INPUT/OUTPUT" PRECISION ="3" SCALE ="0"/>
            <TRANSFORMFIELD DATATYPE ="decimal" DEFAULTVALUE ="" DESCRIPTION ="" NAME ="CustomerId" PICTURETEXT ="" PORTTYPE ="INPUT/OUTPUT" PRECISION ="8" SCALE ="0"/>
            <TRANSFORMFIELD DATATYPE ="string" DEFAULTVALUE ="" DESCRIPTION ="" NAME ="Surname" PICTURETEXT ="" PORTTYPE ="INPUT/OUTPUT" PRECISION ="17" SCALE ="0"/>
            <TRANSFORMFIELD DATATYPE ="decimal" DEFAULTVALUE ="" DESCRIPTION ="" NAME ="CreditScore" PICTURETEXT ="" PORTTYPE ="INPUT/OUTPUT" PRECISION ="3" SCALE ="0"/>
            <TRANSFORMFIELD DATATYPE ="string" DEFAULTVALUE ="" DESCRIPTION ="" NAME ="Gender" PICTURETEXT ="" PORTTYPE ="INPUT/OUTPUT" PRECISION ="6" SCALE ="0"/>
            <TRANSFORMFIELD DATATYPE ="decimal" DEFAULTVALUE ="" DESCRIPTION ="" NAME ="Age" PICTURETEXT ="" PORTTYPE ="INPUT/OUTPUT" PRECISION ="2" SCALE ="0"/>
            <TRANSFORMFIELD DATATYPE ="decimal" DEFAULTVALUE ="" DESCRIPTION ="" NAME ="Tenure" PICTURETEXT ="" PORTTYPE ="INPUT/OUTPUT" PRECISION ="2" SCALE ="0"/>
            <TRANSFORMFIELD DATATYPE ="decimal" DEFAULTVALUE ="" DESCRIPTION ="" NAME ="NumOfProducts" PICTURETEXT ="" PORTTYPE ="INPUT/OUTPUT" PRECISION ="1" SCALE ="0"/>
            <TRANSFORMFIELD DATATYPE ="decimal" DEFAULTVALUE ="" DESCRIPTION ="" NAME ="HasCrCard" PICTURETEXT ="" PORTTYPE ="INPUT/OUTPUT" PRECISION ="1" SCALE ="0"/>
            <TRANSFORMFIELD DATATYPE ="decimal" DEFAULTVALUE ="" DESCRIPTION ="" NAME ="EstimatedSalary" PICTURETEXT ="" PORTTYPE ="INPUT/OUTPUT" PRECISION ="9" SCALE ="0"/>
            <TRANSFORMFIELD DATATYPE ="decimal" DEFAULTVALUE ="" DESCRIPTION ="" NAME ="Exited" PICTURETEXT ="" PORTTYPE ="INPUT/OUTPUT" PRECISION ="1" SCALE ="0"/>
            <TABLEATTRIBUTE NAME ="Sql Query" VALUE =""/>
            <TABLEATTRIBUTE NAME ="User Defined Join" VALUE =""/>
            <TABLEATTRIBUTE NAME ="Source Filter" VALUE =""/>
            <TABLEATTRIBUTE NAME ="Number Of Sorted Ports" VALUE ="0"/>
            <TABLEATTRIBUTE NAME ="Tracing Level" VALUE ="Normal"/>
            <TABLEATTRIBUTE NAME ="Select Distinct" VALUE ="NO"/>
            <TABLEATTRIBUTE NAME ="Is Partitionable" VALUE ="NO"/>
            <TABLEATTRIBUTE NAME ="Pre SQL" VALUE =""/>
            <TABLEATTRIBUTE NAME ="Post SQL" VALUE =""/>
            <TABLEATTRIBUTE NAME ="Output is deterministic" VALUE ="NO"/>
            <TABLEATTRIBUTE NAME ="Output is repeatable" VALUE ="Never"/>
        </TRANSFORMATION>
        <TRANSFORMATION DESCRIPTION ="" NAME ="RTRTRANS" OBJECTVERSION ="1" REUSABLE ="NO" TYPE ="Router" VERSIONNUMBER ="1">
            <GROUP DESCRIPTION ="" NAME ="INPUT" ORDER ="1" TYPE ="INPUT"/>
            <GROUP DESCRIPTION ="" EXPRESSION ="Age&gt;=18 AND Age&lt;=30" NAME ="g1" ORDER ="2" TYPE ="OUTPUT"/>
            <GROUP DESCRIPTION ="Path for the data when none of the group conditions are satisfied." NAME ="DEFAULT1" ORDER ="5" TYPE ="OUTPUT/DEFAULT"/>
            <GROUP DESCRIPTION ="" EXPRESSION ="Age&gt;30 AND Age&lt;45" NAME ="g2" ORDER ="3" TYPE ="OUTPUT"/>
            <GROUP DESCRIPTION ="" EXPRESSION ="Age &gt;45" NAME ="g3" ORDER ="4" TYPE ="OUTPUT"/>
            <TRANSFORMFIELD DATATYPE ="decimal" DEFAULTVALUE ="" DESCRIPTION ="" GROUP ="INPUT" NAME ="RowNumber" PICTURETEXT ="" PORTTYPE ="INPUT" PRECISION ="3" SCALE ="0"/>
            <TRANSFORMFIELD DATATYPE ="decimal" DEFAULTVALUE ="" DESCRIPTION ="" GROUP ="INPUT" NAME ="CustomerId" PICTURETEXT ="" PORTTYPE ="INPUT" PRECISION ="8" SCALE ="0"/>
            <TRANSFORMFIELD DATATYPE ="string" DEFAULTVALUE ="" DESCRIPTION ="" GROUP ="INPUT" NAME ="Surname" PICTURETEXT ="" PORTTYPE ="INPUT" PRECISION ="17" SCALE ="0"/>
            <TRANSFORMFIELD DATATYPE ="decimal" DEFAULTVALUE ="" DESCRIPTION ="" GROUP ="INPUT" NAME ="CreditScore" PICTURETEXT ="" PORTTYPE ="INPUT" PRECISION ="3" SCALE ="0"/>
            <TRANSFORMFIELD DATATYPE ="string" DEFAULTVALUE ="" DESCRIPTION ="" GROUP ="INPUT" NAME ="Gender" PICTURETEXT ="" PORTTYPE ="INPUT" PRECISION ="6" SCALE ="0"/>
            <TRANSFORMFIELD DATATYPE ="decimal" DEFAULTVALUE ="" DESCRIPTION ="" GROUP ="INPUT" NAME ="Age" PICTURETEXT ="" PORTTYPE ="INPUT" PRECISION ="2" SCALE ="0"/>
            <TRANSFORMFIELD DATATYPE ="decimal" DEFAULTVALUE ="" DESCRIPTION ="" GROUP ="INPUT" NAME ="Tenure" PICTURETEXT ="" PORTTYPE ="INPUT" PRECISION ="2" SCALE ="0"/>
            <TRANSFORMFIELD DATATYPE ="decimal" DEFAULTVALUE ="" DESCRIPTION ="" GROUP ="INPUT" NAME ="NumOfProducts" PICTURETEXT ="" PORTTYPE ="INPUT" PRECISION ="1" SCALE ="0"/>
            <TRANSFORMFIELD DATATYPE ="decimal" DEFAULTVALUE ="" DESCRIPTION ="" GROUP ="INPUT" NAME ="HasCrCard" PICTURETEXT ="" PORTTYPE ="INPUT" PRECISION ="1" SCALE ="0"/>
            <TRANSFORMFIELD DATATYPE ="decimal" DEFAULTVALUE ="" DESCRIPTION ="" GROUP ="INPUT" NAME ="EstimatedSalary" PICTURETEXT ="" PORTTYPE ="INPUT" PRECISION ="9" SCALE ="0"/>
            <TRANSFORMFIELD DATATYPE ="decimal" DEFAULTVALUE ="" DESCRIPTION ="" GROUP ="INPUT" NAME ="Exited" PICTURETEXT ="" PORTTYPE ="INPUT" PRECISION ="1" SCALE ="0"/>
            <TRANSFORMFIELD DATATYPE ="decimal" DEFAULTVALUE ="" DESCRIPTION ="" GROUP ="g1" NAME ="RowNumber1" PICTURETEXT ="" PORTTYPE ="OUTPUT" PRECISION ="3" REF_FIELD ="RowNumber" SCALE ="0"/>
            <TRANSFORMFIELD DATATYPE ="decimal" DEFAULTVALUE ="" DESCRIPTION ="" GROUP ="g1" NAME ="CustomerId1" PICTURETEXT ="" PORTTYPE ="OUTPUT" PRECISION ="8" REF_FIELD ="CustomerId" SCALE ="0"/>
            <TRANSFORMFIELD DATATYPE ="string" DEFAULTVALUE ="" DESCRIPTION ="" GROUP ="g1" NAME ="Surname1" PICTURETEXT ="" PORTTYPE ="OUTPUT" PRECISION ="17" REF_FIELD ="Surname" SCALE ="0"/>
            <TRANSFORMFIELD DATATYPE ="decimal" DEFAULTVALUE ="" DESCRIPTION ="" GROUP ="g1" NAME ="CreditScore1" PICTURETEXT ="" PORTTYPE ="OUTPUT" PRECISION ="3" REF_FIELD ="CreditScore" SCALE ="0"/>
            <TRANSFORMFIELD DATATYPE ="string" DEFAULTVALUE ="" DESCRIPTION ="" GROUP ="g1" NAME ="Gender1" PICTURETEXT ="" PORTTYPE ="OUTPUT" PRECISION ="6" REF_FIELD ="Gender" SCALE ="0"/>
            <TRANSFORMFIELD DATATYPE ="decimal" DEFAULTVALUE ="" DESCRIPTION ="" GROUP ="g1" NAME ="Age1" PICTURETEXT ="" PORTTYPE ="OUTPUT" PRECISION ="2" REF_FIELD ="Age" SCALE ="0"/>
            <TRANSFORMFIELD DATATYPE ="decimal" DEFAULTVALUE ="" DESCRIPTION ="" GROUP ="g1" NAME ="Tenure1" PICTURETEXT ="" PORTTYPE ="OUTPUT" PRECISION ="2" REF_FIELD ="Tenure" SCALE ="0"/>
            <TRANSFORMFIELD DATATYPE ="decimal" DEFAULTVALUE ="" DESCRIPTION ="" GROUP ="g1" NAME ="NumOfProducts1" PICTURETEXT ="" PORTTYPE ="OUTPUT" PRECISION ="1" REF_FIELD ="NumOfProducts" SCALE ="0"/>
            <TRANSFORMFIELD DATATYPE ="decimal" DEFAULTVALUE ="" DESCRIPTION ="" GROUP ="g1" NAME ="HasCrCard1" PICTURETEXT ="" PORTTYPE ="OUTPUT" PRECISION ="1" REF_FIELD ="HasCrCard" SCALE ="0"/>
            <TRANSFORMFIELD DATATYPE ="decimal" DEFAULTVALUE ="" DESCRIPTION ="" GROUP ="g1" NAME ="EstimatedSalary1" PICTURETEXT ="" PORTTYPE ="OUTPUT" PRECISION ="9" REF_FIELD ="EstimatedSalary" SCALE ="0"/>
            <TRANSFORMFIELD DATATYPE ="decimal" DEFAULTVALUE ="" DESCRIPTION ="" GROUP ="g1" NAME ="Exited1" PICTURETEXT ="" PORTTYPE ="OUTPUT" PRECISION ="1" REF_FIELD ="Exited" SCALE ="0"/>
            <TRANSFORMFIELD DATATYPE ="decimal" DEFAULTVALUE ="" DESCRIPTION ="" GROUP ="g2" NAME ="RowNumber3" PICTURETEXT ="" PORTTYPE ="OUTPUT" PRECISION ="3" REF_FIELD ="RowNumber" SCALE ="0"/>
            <TRANSFORMFIELD DATATYPE ="decimal" DEFAULTVALUE ="" DESCRIPTION ="" GROUP ="g2" NAME ="CustomerId3" PICTURETEXT ="" PORTTYPE ="OUTPUT" PRECISION ="8" REF_FIELD ="CustomerId" SCALE ="0"/>
            <TRANSFORMFIELD DATATYPE ="string" DEFAULTVALUE ="" DESCRIPTION ="" GROUP ="g2" NAME ="Surname3" PICTURETEXT ="" PORTTYPE ="OUTPUT" PRECISION ="17" REF_FIELD ="Surname" SCALE ="0"/>
            <TRANSFORMFIELD DATATYPE ="decimal" DEFAULTVALUE ="" DESCRIPTION ="" GROUP ="g2" NAME ="CreditScore3" PICTURETEXT ="" PORTTYPE ="OUTPUT" PRECISION ="3" REF_FIELD ="CreditScore" SCALE ="0"/>
            <TRANSFORMFIELD DATATYPE ="string" DEFAULTVALUE ="" DESCRIPTION ="" GROUP ="g2" NAME ="Gender3" PICTURETEXT ="" PORTTYPE ="OUTPUT" PRECISION ="6" REF_FIELD ="Gender" SCALE ="0"/>
            <TRANSFORMFIELD DATATYPE ="decimal" DEFAULTVALUE ="" DESCRIPTION ="" GROUP ="g2" NAME ="Age3" PICTURETEXT ="" PORTTYPE ="OUTPUT" PRECISION ="2" REF_FIELD ="Age" SCALE ="0"/>
            <TRANSFORMFIELD DATATYPE ="decimal" DEFAULTVALUE ="" DESCRIPTION ="" GROUP ="g2" NAME ="Tenure3" PICTURETEXT ="" PORTTYPE ="OUTPUT" PRECISION ="2" REF_FIELD ="Tenure" SCALE ="0"/>
            <TRANSFORMFIELD DATATYPE ="decimal" DEFAULTVALUE ="" DESCRIPTION ="" GROUP ="g2" NAME ="NumOfProducts3" PICTURETEXT ="" PORTTYPE ="OUTPUT" PRECISION ="1" REF_FIELD ="NumOfProducts" SCALE ="0"/>
            <TRANSFORMFIELD DATATYPE ="decimal" DEFAULTVALUE ="" DESCRIPTION ="" GROUP ="g2" NAME ="HasCrCard3" PICTURETEXT ="" PORTTYPE ="OUTPUT" PRECISION ="1" REF_FIELD ="HasCrCard" SCALE ="0"/>
            <TRANSFORMFIELD DATATYPE ="decimal" DEFAULTVALUE ="" DESCRIPTION ="" GROUP ="g2" NAME ="EstimatedSalary3" PICTURETEXT ="" PORTTYPE ="OUTPUT" PRECISION ="9" REF_FIELD ="EstimatedSalary" SCALE ="0"/>
            <TRANSFORMFIELD DATATYPE ="decimal" DEFAULTVALUE ="" DESCRIPTION ="" GROUP ="g2" NAME ="Exited3" PICTURETEXT ="" PORTTYPE ="OUTPUT" PRECISION ="1" REF_FIELD ="Exited" SCALE ="0"/>
            <TRANSFORMFIELD DATATYPE ="decimal" DEFAULTVALUE ="" DESCRIPTION ="" GROUP ="g3" NAME ="RowNumber4" PICTURETEXT ="" PORTTYPE ="OUTPUT" PRECISION ="3" REF_FIELD ="RowNumber" SCALE ="0"/>
            <TRANSFORMFIELD DATATYPE ="decimal" DEFAULTVALUE ="" DESCRIPTION ="" GROUP ="g3" NAME ="CustomerId4" PICTURETEXT ="" PORTTYPE ="OUTPUT" PRECISION ="8" REF_FIELD ="CustomerId" SCALE ="0"/>
            <TRANSFORMFIELD DATATYPE ="string" DEFAULTVALUE ="" DESCRIPTION ="" GROUP ="g3" NAME ="Surname4" PICTURETEXT ="" PORTTYPE ="OUTPUT" PRECISION ="17" REF_FIELD ="Surname" SCALE ="0"/>
            <TRANSFORMFIELD DATATYPE ="decimal" DEFAULTVALUE ="" DESCRIPTION ="" GROUP ="g3" NAME ="CreditScore4" PICTURETEXT ="" PORTTYPE ="OUTPUT" PRECISION ="3" REF_FIELD ="CreditScore" SCALE ="0"/>
            <TRANSFORMFIELD DATATYPE ="string" DEFAULTVALUE ="" DESCRIPTION ="" GROUP ="g3" NAME ="Gender4" PICTURETEXT ="" PORTTYPE ="OUTPUT" PRECISION ="6" REF_FIELD ="Gender" SCALE ="0"/>
            <TRANSFORMFIELD DATATYPE ="decimal" DEFAULTVALUE ="" DESCRIPTION ="" GROUP ="g3" NAME ="Age4" PICTURETEXT ="" PORTTYPE ="OUTPUT" PRECISION ="2" REF_FIELD ="Age" SCALE ="0"/>
            <TRANSFORMFIELD DATATYPE ="decimal" DEFAULTVALUE ="" DESCRIPTION ="" GROUP ="g3" NAME ="Tenure4" PICTURETEXT ="" PORTTYPE ="OUTPUT" PRECISION ="2" REF_FIELD ="Tenure" SCALE ="0"/>
            <TRANSFORMFIELD DATATYPE ="decimal" DEFAULTVALUE ="" DESCRIPTION ="" GROUP ="g3" NAME ="NumOfProducts4" PICTURETEXT ="" PORTTYPE ="OUTPUT" PRECISION ="1" REF_FIELD ="NumOfProducts" SCALE ="0"/>
            <TRANSFORMFIELD DATATYPE ="decimal" DEFAULTVALUE ="" DESCRIPTION ="" GROUP ="g3" NAME ="HasCrCard4" PICTURETEXT ="" PORTTYPE ="OUTPUT" PRECISION ="1" REF_FIELD ="HasCrCard" SCALE ="0"/>
            <TRANSFORMFIELD DATATYPE ="decimal" DEFAULTVALUE ="" DESCRIPTION ="" GROUP ="g3" NAME ="EstimatedSalary4" PICTURETEXT ="" PORTTYPE ="OUTPUT" PRECISION ="9" REF_FIELD ="EstimatedSalary" SCALE ="0"/>
            <TRANSFORMFIELD DATATYPE ="decimal" DEFAULTVALUE ="" DESCRIPTION ="" GROUP ="g3" NAME ="Exited4" PICTURETEXT ="" PORTTYPE ="OUTPUT" PRECISION ="1" REF_FIELD ="Exited" SCALE ="0"/>
            <TRANSFORMFIELD DATATYPE ="decimal" DEFAULTVALUE ="" DESCRIPTION ="" GROUP ="DEFAULT1" NAME ="RowNumber2" PICTURETEXT ="" PORTTYPE ="OUTPUT" PRECISION ="3" REF_FIELD ="RowNumber" SCALE ="0"/>
            <TRANSFORMFIELD DATATYPE ="decimal" DEFAULTVALUE ="" DESCRIPTION ="" GROUP ="DEFAULT1" NAME ="CustomerId2" PICTURETEXT ="" PORTTYPE ="OUTPUT" PRECISION ="8" REF_FIELD ="CustomerId" SCALE ="0"/>
            <TRANSFORMFIELD DATATYPE ="string" DEFAULTVALUE ="" DESCRIPTION ="" GROUP ="DEFAULT1" NAME ="Surname2" PICTURETEXT ="" PORTTYPE ="OUTPUT" PRECISION ="17" REF_FIELD ="Surname" SCALE ="0"/>
            <TRANSFORMFIELD DATATYPE ="decimal" DEFAULTVALUE ="" DESCRIPTION ="" GROUP ="DEFAULT1" NAME ="CreditScore2" PICTURETEXT ="" PORTTYPE ="OUTPUT" PRECISION ="3" REF_FIELD ="CreditScore" SCALE ="0"/>
            <TRANSFORMFIELD DATATYPE ="string" DEFAULTVALUE ="" DESCRIPTION ="" GROUP ="DEFAULT1" NAME ="Gender2" PICTURETEXT ="" PORTTYPE ="OUTPUT" PRECISION ="6" REF_FIELD ="Gender" SCALE ="0"/>
            <TRANSFORMFIELD DATATYPE ="decimal" DEFAULTVALUE ="" DESCRIPTION ="" GROUP ="DEFAULT1" NAME ="Age2" PICTURETEXT ="" PORTTYPE ="OUTPUT" PRECISION ="2" REF_FIELD ="Age" SCALE ="0"/>
            <TRANSFORMFIELD DATATYPE ="decimal" DEFAULTVALUE ="" DESCRIPTION ="" GROUP ="DEFAULT1" NAME ="Tenure2" PICTURETEXT ="" PORTTYPE ="OUTPUT" PRECISION ="2" REF_FIELD ="Tenure" SCALE ="0"/>
            <TRANSFORMFIELD DATATYPE ="decimal" DEFAULTVALUE ="" DESCRIPTION ="" GROUP ="DEFAULT1" NAME ="NumOfProducts2" PICTURETEXT ="" PORTTYPE ="OUTPUT" PRECISION ="1" REF_FIELD ="NumOfProducts" SCALE ="0"/>
            <TRANSFORMFIELD DATATYPE ="decimal" DEFAULTVALUE ="" DESCRIPTION ="" GROUP ="DEFAULT1" NAME ="HasCrCard2" PICTURETEXT ="" PORTTYPE ="OUTPUT" PRECISION ="1" REF_FIELD ="HasCrCard" SCALE ="0"/>
            <TRANSFORMFIELD DATATYPE ="decimal" DEFAULTVALUE ="" DESCRIPTION ="" GROUP ="DEFAULT1" NAME ="EstimatedSalary2" PICTURETEXT ="" PORTTYPE ="OUTPUT" PRECISION ="9" REF_FIELD ="EstimatedSalary" SCALE ="0"/>
            <TRANSFORMFIELD DATATYPE ="decimal" DEFAULTVALUE ="" DESCRIPTION ="" GROUP ="DEFAULT1" NAME ="Exited2" PICTURETEXT ="" PORTTYPE ="OUTPUT" PRECISION ="1" REF_FIELD ="Exited" SCALE ="0"/>
            <TABLEATTRIBUTE NAME ="Tracing Level" VALUE ="Normal"/>
        </TRANSFORMATION>
        <INSTANCE DESCRIPTION ="" NAME ="RTRTRANS_g1" TRANSFORMATION_NAME ="RTRTRANS_g1" TRANSFORMATION_TYPE ="Target Definition" TYPE ="TARGET"/>
        <INSTANCE DESCRIPTION ="" NAME ="RTRTRANS_g2" TRANSFORMATION_NAME ="RTRTRANS_g2" TRANSFORMATION_TYPE ="Target Definition" TYPE ="TARGET"/>
        <INSTANCE DESCRIPTION ="" NAME ="RTRTRANS_g3" TRANSFORMATION_NAME ="RTRTRANS_g3" TRANSFORMATION_TYPE ="Target Definition" TYPE ="TARGET"/>
        <INSTANCE DBDNAME ="FlatFile" DESCRIPTION ="" NAME ="Churn_Modelling2" TRANSFORMATION_NAME ="Churn_Modelling2" TRANSFORMATION_TYPE ="Source Definition" TYPE ="SOURCE"/>
        <INSTANCE DESCRIPTION ="" NAME ="SQ_Churn_Modelling2" REUSABLE ="NO" TRANSFORMATION_NAME ="SQ_Churn_Modelling2" TRANSFORMATION_TYPE ="Source Qualifier" TYPE ="TRANSFORMATION">
            <ASSOCIATED_SOURCE_INSTANCE NAME ="Churn_Modelling2"/>
        </INSTANCE>
        <INSTANCE DESCRIPTION ="" NAME ="RTRTRANS" REUSABLE ="NO" TRANSFORMATION_NAME ="RTRTRANS" TRANSFORMATION_TYPE ="Router" TYPE ="TRANSFORMATION"/>
        <CONNECTOR FROMFIELD ="RowNumber1" FROMINSTANCE ="RTRTRANS" FROMINSTANCETYPE ="Router" TOFIELD ="RowNumber1" TOINSTANCE ="RTRTRANS_g1" TOINSTANCETYPE ="Target Definition"/>
        <CONNECTOR FROMFIELD ="CustomerId1" FROMINSTANCE ="RTRTRANS" FROMINSTANCETYPE ="Router" TOFIELD ="CustomerId1" TOINSTANCE ="RTRTRANS_g1" TOINSTANCETYPE ="Target Definition"/>
        <CONNECTOR FROMFIELD ="Surname1" FROMINSTANCE ="RTRTRANS" FROMINSTANCETYPE ="Router" TOFIELD ="Surname1" TOINSTANCE ="RTRTRANS_g1" TOINSTANCETYPE ="Target Definition"/>
        <CONNECTOR FROMFIELD ="CreditScore1" FROMINSTANCE ="RTRTRANS" FROMINSTANCETYPE ="Router" TOFIELD ="CreditScore1" TOINSTANCE ="RTRTRANS_g1" TOINSTANCETYPE ="Target Definition"/>
        <CONNECTOR FROMFIELD ="Gender1" FROMINSTANCE ="RTRTRANS" FROMINSTANCETYPE ="Router" TOFIELD ="Gender1" TOINSTANCE ="RTRTRANS_g1" TOINSTANCETYPE ="Target Definition"/>
        <CONNECTOR FROMFIELD ="Age1" FROMINSTANCE ="RTRTRANS" FROMINSTANCETYPE ="Router" TOFIELD ="Age1" TOINSTANCE ="RTRTRANS_g1" TOINSTANCETYPE ="Target Definition"/>
        <CONNECTOR FROMFIELD ="Tenure1" FROMINSTANCE ="RTRTRANS" FROMINSTANCETYPE ="Router" TOFIELD ="Tenure1" TOINSTANCE ="RTRTRANS_g1" TOINSTANCETYPE ="Target Definition"/>
        <CONNECTOR FROMFIELD ="NumOfProducts1" FROMINSTANCE ="RTRTRANS" FROMINSTANCETYPE ="Router" TOFIELD ="NumOfProducts1" TOINSTANCE ="RTRTRANS_g1" TOINSTANCETYPE ="Target Definition"/>
        <CONNECTOR FROMFIELD ="HasCrCard1" FROMINSTANCE ="RTRTRANS" FROMINSTANCETYPE ="Router" TOFIELD ="HasCrCard1" TOINSTANCE ="RTRTRANS_g1" TOINSTANCETYPE ="Target Definition"/>
        <CONNECTOR FROMFIELD ="EstimatedSalary1" FROMINSTANCE ="RTRTRANS" FROMINSTANCETYPE ="Router" TOFIELD ="EstimatedSalary1" TOINSTANCE ="RTRTRANS_g1" TOINSTANCETYPE ="Target Definition"/>
        <CONNECTOR FROMFIELD ="Exited1" FROMINSTANCE ="RTRTRANS" FROMINSTANCETYPE ="Router" TOFIELD ="Exited1" TOINSTANCE ="RTRTRANS_g1" TOINSTANCETYPE ="Target Definition"/>
        <CONNECTOR FROMFIELD ="RowNumber3" FROMINSTANCE ="RTRTRANS" FROMINSTANCETYPE ="Router" TOFIELD ="RowNumber3" TOINSTANCE ="RTRTRANS_g2" TOINSTANCETYPE ="Target Definition"/>
        <CONNECTOR FROMFIELD ="CustomerId3" FROMINSTANCE ="RTRTRANS" FROMINSTANCETYPE ="Router" TOFIELD ="CustomerId3" TOINSTANCE ="RTRTRANS_g2" TOINSTANCETYPE ="Target Definition"/>
        <CONNECTOR FROMFIELD ="Surname3" FROMINSTANCE ="RTRTRANS" FROMINSTANCETYPE ="Router" TOFIELD ="Surname3" TOINSTANCE ="RTRTRANS_g2" TOINSTANCETYPE ="Target Definition"/>
        <CONNECTOR FROMFIELD ="CreditScore3" FROMINSTANCE ="RTRTRANS" FROMINSTANCETYPE ="Router" TOFIELD ="CreditScore3" TOINSTANCE ="RTRTRANS_g2" TOINSTANCETYPE ="Target Definition"/>
        <CONNECTOR FROMFIELD ="Gender3" FROMINSTANCE ="RTRTRANS" FROMINSTANCETYPE ="Router" TOFIELD ="Gender3" TOINSTANCE ="RTRTRANS_g2" TOINSTANCETYPE ="Target Definition"/>
        <CONNECTOR FROMFIELD ="Age3" FROMINSTANCE ="RTRTRANS" FROMINSTANCETYPE ="Router" TOFIELD ="Age3" TOINSTANCE ="RTRTRANS_g2" TOINSTANCETYPE ="Target Definition"/>
        <CONNECTOR FROMFIELD ="Tenure3" FROMINSTANCE ="RTRTRANS" FROMINSTANCETYPE ="Router" TOFIELD ="Tenure3" TOINSTANCE ="RTRTRANS_g2" TOINSTANCETYPE ="Target Definition"/>
        <CONNECTOR FROMFIELD ="NumOfProducts3" FROMINSTANCE ="RTRTRANS" FROMINSTANCETYPE ="Router" TOFIELD ="NumOfProducts3" TOINSTANCE ="RTRTRANS_g2" TOINSTANCETYPE ="Target Definition"/>
        <CONNECTOR FROMFIELD ="HasCrCard3" FROMINSTANCE ="RTRTRANS" FROMINSTANCETYPE ="Router" TOFIELD ="HasCrCard3" TOINSTANCE ="RTRTRANS_g2" TOINSTANCETYPE ="Target Definition"/>
        <CONNECTOR FROMFIELD ="EstimatedSalary3" FROMINSTANCE ="RTRTRANS" FROMINSTANCETYPE ="Router" TOFIELD ="EstimatedSalary3" TOINSTANCE ="RTRTRANS_g2" TOINSTANCETYPE ="Target Definition"/>
        <CONNECTOR FROMFIELD ="Exited3" FROMINSTANCE ="RTRTRANS" FROMINSTANCETYPE ="Router" TOFIELD ="Exited3" TOINSTANCE ="RTRTRANS_g2" TOINSTANCETYPE ="Target Definition"/>
        <CONNECTOR FROMFIELD ="RowNumber4" FROMINSTANCE ="RTRTRANS" FROMINSTANCETYPE ="Router" TOFIELD ="RowNumber4" TOINSTANCE ="RTRTRANS_g3" TOINSTANCETYPE ="Target Definition"/>
        <CONNECTOR FROMFIELD ="CustomerId4" FROMINSTANCE ="RTRTRANS" FROMINSTANCETYPE ="Router" TOFIELD ="CustomerId4" TOINSTANCE ="RTRTRANS_g3" TOINSTANCETYPE ="Target Definition"/>
        <CONNECTOR FROMFIELD ="Surname4" FROMINSTANCE ="RTRTRANS" FROMINSTANCETYPE ="Router" TOFIELD ="Surname4" TOINSTANCE ="RTRTRANS_g3" TOINSTANCETYPE ="Target Definition"/>
        <CONNECTOR FROMFIELD ="CreditScore4" FROMINSTANCE ="RTRTRANS" FROMINSTANCETYPE ="Router" TOFIELD ="CreditScore4" TOINSTANCE ="RTRTRANS_g3" TOINSTANCETYPE ="Target Definition"/>
        <CONNECTOR FROMFIELD ="Gender4" FROMINSTANCE ="RTRTRANS" FROMINSTANCETYPE ="Router" TOFIELD ="Gender4" TOINSTANCE ="RTRTRANS_g3" TOINSTANCETYPE ="Target Definition"/>
        <CONNECTOR FROMFIELD ="Age4" FROMINSTANCE ="RTRTRANS" FROMINSTANCETYPE ="Router" TOFIELD ="Age4" TOINSTANCE ="RTRTRANS_g3" TOINSTANCETYPE ="Target Definition"/>
        <CONNECTOR FROMFIELD ="Tenure4" FROMINSTANCE ="RTRTRANS" FROMINSTANCETYPE ="Router" TOFIELD ="Tenure4" TOINSTANCE ="RTRTRANS_g3" TOINSTANCETYPE ="Target Definition"/>
        <CONNECTOR FROMFIELD ="NumOfProducts4" FROMINSTANCE ="RTRTRANS" FROMINSTANCETYPE ="Router" TOFIELD ="NumOfProducts4" TOINSTANCE ="RTRTRANS_g3" TOINSTANCETYPE ="Target Definition"/>
        <CONNECTOR FROMFIELD ="HasCrCard4" FROMINSTANCE ="RTRTRANS" FROMINSTANCETYPE ="Router" TOFIELD ="HasCrCard4" TOINSTANCE ="RTRTRANS_g3" TOINSTANCETYPE ="Target Definition"/>
        <CONNECTOR FROMFIELD ="EstimatedSalary4" FROMINSTANCE ="RTRTRANS" FROMINSTANCETYPE ="Router" TOFIELD ="EstimatedSalary4" TOINSTANCE ="RTRTRANS_g3" TOINSTANCETYPE ="Target Definition"/>
        <CONNECTOR FROMFIELD ="Exited4" FROMINSTANCE ="RTRTRANS" FROMINSTANCETYPE ="Router" TOFIELD ="Exited4" TOINSTANCE ="RTRTRANS_g3" TOINSTANCETYPE ="Target Definition"/>
        <CONNECTOR FROMFIELD ="RowNumber" FROMINSTANCE ="Churn_Modelling2" FROMINSTANCETYPE ="Source Definition" TOFIELD ="RowNumber" TOINSTANCE ="SQ_Churn_Modelling2" TOINSTANCETYPE ="Source Qualifier"/>
        <CONNECTOR FROMFIELD ="CustomerId" FROMINSTANCE ="Churn_Modelling2" FROMINSTANCETYPE ="Source Definition" TOFIELD ="CustomerId" TOINSTANCE ="SQ_Churn_Modelling2" TOINSTANCETYPE ="Source Qualifier"/>
        <CONNECTOR FROMFIELD ="Surname" FROMINSTANCE ="Churn_Modelling2" FROMINSTANCETYPE ="Source Definition" TOFIELD ="Surname" TOINSTANCE ="SQ_Churn_Modelling2" TOINSTANCETYPE ="Source Qualifier"/>
        <CONNECTOR FROMFIELD ="CreditScore" FROMINSTANCE ="Churn_Modelling2" FROMINSTANCETYPE ="Source Definition" TOFIELD ="CreditScore" TOINSTANCE ="SQ_Churn_Modelling2" TOINSTANCETYPE ="Source Qualifier"/>
        <CONNECTOR FROMFIELD ="Gender" FROMINSTANCE ="Churn_Modelling2" FROMINSTANCETYPE ="Source Definition" TOFIELD ="Gender" TOINSTANCE ="SQ_Churn_Modelling2" TOINSTANCETYPE ="Source Qualifier"/>
        <CONNECTOR FROMFIELD ="Age" FROMINSTANCE ="Churn_Modelling2" FROMINSTANCETYPE ="Source Definition" TOFIELD ="Age" TOINSTANCE ="SQ_Churn_Modelling2" TOINSTANCETYPE ="Source Qualifier"/>
        <CONNECTOR FROMFIELD ="Tenure" FROMINSTANCE ="Churn_Modelling2" FROMINSTANCETYPE ="Source Definition" TOFIELD ="Tenure" TOINSTANCE ="SQ_Churn_Modelling2" TOINSTANCETYPE ="Source Qualifier"/>
        <CONNECTOR FROMFIELD ="NumOfProducts" FROMINSTANCE ="Churn_Modelling2" FROMINSTANCETYPE ="Source Definition" TOFIELD ="NumOfProducts" TOINSTANCE ="SQ_Churn_Modelling2" TOINSTANCETYPE ="Source Qualifier"/>
        <CONNECTOR FROMFIELD ="HasCrCard" FROMINSTANCE ="Churn_Modelling2" FROMINSTANCETYPE ="Source Definition" TOFIELD ="HasCrCard" TOINSTANCE ="SQ_Churn_Modelling2" TOINSTANCETYPE ="Source Qualifier"/>
        <CONNECTOR FROMFIELD ="EstimatedSalary" FROMINSTANCE ="Churn_Modelling2" FROMINSTANCETYPE ="Source Definition" TOFIELD ="EstimatedSalary" TOINSTANCE ="SQ_Churn_Modelling2" TOINSTANCETYPE ="Source Qualifier"/>
        <CONNECTOR FROMFIELD ="Exited" FROMINSTANCE ="Churn_Modelling2" FROMINSTANCETYPE ="Source Definition" TOFIELD ="Exited" TOINSTANCE ="SQ_Churn_Modelling2" TOINSTANCETYPE ="Source Qualifier"/>
        <CONNECTOR FROMFIELD ="RowNumber" FROMINSTANCE ="SQ_Churn_Modelling2" FROMINSTANCETYPE ="Source Qualifier" TOFIELD ="RowNumber" TOINSTANCE ="RTRTRANS" TOINSTANCETYPE ="Router"/>
        <CONNECTOR FROMFIELD ="CustomerId" FROMINSTANCE ="SQ_Churn_Modelling2" FROMINSTANCETYPE ="Source Qualifier" TOFIELD ="CustomerId" TOINSTANCE ="RTRTRANS" TOINSTANCETYPE ="Router"/>
        <CONNECTOR FROMFIELD ="Surname" FROMINSTANCE ="SQ_Churn_Modelling2" FROMINSTANCETYPE ="Source Qualifier" TOFIELD ="Surname" TOINSTANCE ="RTRTRANS" TOINSTANCETYPE ="Router"/>
        <CONNECTOR FROMFIELD ="CreditScore" FROMINSTANCE ="SQ_Churn_Modelling2" FROMINSTANCETYPE ="Source Qualifier" TOFIELD ="CreditScore" TOINSTANCE ="RTRTRANS" TOINSTANCETYPE ="Router"/>
        <CONNECTOR FROMFIELD ="Gender" FROMINSTANCE ="SQ_Churn_Modelling2" FROMINSTANCETYPE ="Source Qualifier" TOFIELD ="Gender" TOINSTANCE ="RTRTRANS" TOINSTANCETYPE ="Router"/>
        <CONNECTOR FROMFIELD ="Age" FROMINSTANCE ="SQ_Churn_Modelling2" FROMINSTANCETYPE ="Source Qualifier" TOFIELD ="Age" TOINSTANCE ="RTRTRANS" TOINSTANCETYPE ="Router"/>
        <CONNECTOR FROMFIELD ="Tenure" FROMINSTANCE ="SQ_Churn_Modelling2" FROMINSTANCETYPE ="Source Qualifier" TOFIELD ="Tenure" TOINSTANCE ="RTRTRANS" TOINSTANCETYPE ="Router"/>
        <CONNECTOR FROMFIELD ="NumOfProducts" FROMINSTANCE ="SQ_Churn_Modelling2" FROMINSTANCETYPE ="Source Qualifier" TOFIELD ="NumOfProducts" TOINSTANCE ="RTRTRANS" TOINSTANCETYPE ="Router"/>
        <CONNECTOR FROMFIELD ="HasCrCard" FROMINSTANCE ="SQ_Churn_Modelling2" FROMINSTANCETYPE ="Source Qualifier" TOFIELD ="HasCrCard" TOINSTANCE ="RTRTRANS" TOINSTANCETYPE ="Router"/>
        <CONNECTOR FROMFIELD ="EstimatedSalary" FROMINSTANCE ="SQ_Churn_Modelling2" FROMINSTANCETYPE ="Source Qualifier" TOFIELD ="EstimatedSalary" TOINSTANCE ="RTRTRANS" TOINSTANCETYPE ="Router"/>
        <CONNECTOR FROMFIELD ="Exited" FROMINSTANCE ="SQ_Churn_Modelling2" FROMINSTANCETYPE ="Source Qualifier" TOFIELD ="Exited" TOINSTANCE ="RTRTRANS" TOINSTANCETYPE ="Router"/>
        <TARGETLOADORDER ORDER ="1" TARGETINSTANCE ="RTRTRANS_g1"/>
        <TARGETLOADORDER ORDER ="1" TARGETINSTANCE ="RTRTRANS_g2"/>
        <TARGETLOADORDER ORDER ="1" TARGETINSTANCE ="RTRTRANS_g3"/>
        <ERPINFO/>
    </MAPPING>
    <CONFIG DESCRIPTION ="Default session configuration object" ISDEFAULT ="YES" NAME ="default_session_config" VERSIONNUMBER ="1">
        <ATTRIBUTE NAME ="Advanced" VALUE =""/>
        <ATTRIBUTE NAME ="Constraint based load ordering" VALUE ="NO"/>
        <ATTRIBUTE NAME ="Cache LOOKUP() function" VALUE ="YES"/>
        <ATTRIBUTE NAME ="Default buffer block size" VALUE ="Auto"/>
        <ATTRIBUTE NAME ="Line Sequential buffer length" VALUE ="1024"/>
        <ATTRIBUTE NAME ="Maximum Memory Allowed For Auto Memory Attributes" VALUE ="512MB"/>
        <ATTRIBUTE NAME ="Maximum Percentage of Total Memory Allowed For Auto Memory Attributes" VALUE ="5"/>
        <ATTRIBUTE NAME ="Additional Concurrent Pipelines for Lookup Cache Creation" VALUE ="Auto"/>
        <ATTRIBUTE NAME ="Custom Properties" VALUE =""/>
        <ATTRIBUTE NAME ="Pre-build lookup cache" VALUE ="Auto"/>
        <ATTRIBUTE NAME ="Optimization Level" VALUE ="Medium"/>
        <ATTRIBUTE NAME ="DateTime Format String" VALUE ="MM/DD/YYYY HH24:MI:SS.US"/>
        <ATTRIBUTE NAME ="Pre 85 Timestamp Compatibility" VALUE ="NO"/>
        <ATTRIBUTE NAME ="Log Options" VALUE ="0"/>
        <ATTRIBUTE NAME ="Save session log by" VALUE ="Session runs"/>
        <ATTRIBUTE NAME ="Save session log for these runs" VALUE ="0"/>
        <ATTRIBUTE NAME ="Error handling" VALUE =""/>
        <ATTRIBUTE NAME ="Stop on errors" VALUE ="0"/>
        <ATTRIBUTE NAME ="Override tracing" VALUE ="None"/>
        <ATTRIBUTE NAME ="On Stored Procedure error" VALUE ="Stop"/>
        <ATTRIBUTE NAME ="On Pre-session command task error" VALUE ="Stop"/>
        <ATTRIBUTE NAME ="On Pre-Post SQL error" VALUE ="Stop"/>
        <ATTRIBUTE NAME ="Enable Recovery" VALUE ="NO"/>
        <ATTRIBUTE NAME ="Error Log Type" VALUE ="None"/>
        <ATTRIBUTE NAME ="Error Log Table Name Prefix" VALUE =""/>
        <ATTRIBUTE NAME ="Error Log File Name" VALUE ="PMError.log"/>
        <ATTRIBUTE NAME ="Log Source Row Data" VALUE ="NO"/>
        <ATTRIBUTE NAME ="Data Column Delimiter" VALUE ="|"/>
        <ATTRIBUTE NAME ="Partitioning Options" VALUE =""/>
        <ATTRIBUTE NAME ="Dynamic Partitioning" VALUE ="Disabled"/>
        <ATTRIBUTE NAME ="Number of Partitions" VALUE ="1"/>
        <ATTRIBUTE NAME ="Multiplication Factor" VALUE ="Auto"/>
        <ATTRIBUTE NAME ="Session on Grid" VALUE =""/>
        <ATTRIBUTE NAME ="Is Enabled" VALUE ="NO"/>
    </CONFIG>
    <WORKFLOW DESCRIPTION ="" ISENABLED ="YES" ISRUNNABLESERVICE ="NO" ISSERVICE ="NO" ISVALID ="YES" NAME ="wf_3rd_question" REUSABLE_SCHEDULER ="NO" SCHEDULERNAME ="Scheduler" SERVERNAME ="Infa_Intg_Service" SERVER_DOMAINNAME ="Domain_mostafa-pc" SUSPEND_ON_ERROR ="NO" TASKS_MUST_RUN_ON_SERVER ="NO" VERSIONNUMBER ="1">
        <SCHEDULER DESCRIPTION ="" NAME ="Scheduler" REUSABLE ="NO" VERSIONNUMBER ="1">
            <SCHEDULEINFO SCHEDULETYPE ="ONDEMAND"/>
        </SCHEDULER>
        <TASK DESCRIPTION ="" NAME ="Start" REUSABLE ="NO" TYPE ="Start" VERSIONNUMBER ="1"/>
        <SESSION DESCRIPTION ="" ISVALID ="YES" MAPPINGNAME ="3rd_question" NAME ="s_3rd_question" REUSABLE ="NO" SORTORDER ="Binary" VERSIONNUMBER ="1">
            <SESSTRANSFORMATIONINST ISREPARTITIONPOINT ="YES" PARTITIONTYPE ="PASS THROUGH" PIPELINE ="1" SINSTANCENAME ="RTRTRANS_g1" STAGE ="1" TRANSFORMATIONNAME ="RTRTRANS_g1" TRANSFORMATIONTYPE ="Target Definition"/>
            <SESSTRANSFORMATIONINST ISREPARTITIONPOINT ="YES" PARTITIONTYPE ="PASS THROUGH" PIPELINE ="1" SINSTANCENAME ="RTRTRANS_g2" STAGE ="2" TRANSFORMATIONNAME ="RTRTRANS_g2" TRANSFORMATIONTYPE ="Target Definition"/>
            <SESSTRANSFORMATIONINST ISREPARTITIONPOINT ="YES" PARTITIONTYPE ="PASS THROUGH" PIPELINE ="1" SINSTANCENAME ="RTRTRANS_g3" STAGE ="3" TRANSFORMATIONNAME ="RTRTRANS_g3" TRANSFORMATIONTYPE ="Target Definition"/>
            <SESSTRANSFORMATIONINST ISREPARTITIONPOINT ="NO" PIPELINE ="0" SINSTANCENAME ="Churn_Modelling2" STAGE ="0" TRANSFORMATIONNAME ="Churn_Modelling2" TRANSFORMATIONTYPE ="Source Definition">
                <FLATFILE CODEPAGE ="MS1252" CONSECDELIMITERSASONE ="NO" DELIMITED ="YES" DELIMITERS ="," ESCAPE_CHARACTER ="" KEEPESCAPECHAR ="NO" LINESEQUENTIAL ="NO" NULLCHARTYPE ="ASCII" NULL_CHARACTER ="*" PADBYTES ="1" QUOTE_CHARACTER ="DOUBLE" REPEATABLE ="NO" ROWDELIMITER ="0" SKIPROWS ="1" STRIPTRAILINGBLANKS ="NO"/>
            </SESSTRANSFORMATIONINST>
            <SESSTRANSFORMATIONINST ISREPARTITIONPOINT ="YES" PARTITIONTYPE ="PASS THROUGH" PIPELINE ="1" SINSTANCENAME ="SQ_Churn_Modelling2" STAGE ="4" TRANSFORMATIONNAME ="SQ_Churn_Modelling2" TRANSFORMATIONTYPE ="Source Qualifier"/>
            <SESSTRANSFORMATIONINST ISREPARTITIONPOINT ="NO" PIPELINE ="1" SINSTANCENAME ="RTRTRANS" STAGE ="4" TRANSFORMATIONNAME ="RTRTRANS" TRANSFORMATIONTYPE ="Router"/>
            <CONFIGREFERENCE REFOBJECTNAME ="default_session_config" TYPE ="Session config"/>
            <SESSIONEXTENSION NAME ="Relational Writer" SINSTANCENAME ="RTRTRANS_g1" SUBTYPE ="Relational Writer" TRANSFORMATIONTYPE ="Target Definition" TYPE ="WRITER">
                <CONNECTIONREFERENCE CNXREFNAME ="DB Connection" CONNECTIONNAME ="Oracle" CONNECTIONNUMBER ="1" CONNECTIONSUBTYPE ="Oracle" CONNECTIONTYPE ="Relational" VARIABLE =""/>
                <ATTRIBUTE NAME ="Target load type" VALUE ="Bulk"/>
                <ATTRIBUTE NAME ="Insert" VALUE ="YES"/>
                <ATTRIBUTE NAME ="Update as Update" VALUE ="YES"/>
                <ATTRIBUTE NAME ="Update as Insert" VALUE ="NO"/>
                <ATTRIBUTE NAME ="Update else Insert" VALUE ="NO"/>
                <ATTRIBUTE NAME ="Delete" VALUE ="YES"/>
                <ATTRIBUTE NAME ="Truncate target table option" VALUE ="YES"/>
                <ATTRIBUTE NAME ="Reject file directory" VALUE ="$PMBadFileDir&#x5c;"/>
                <ATTRIBUTE NAME ="Reject filename" VALUE ="rtrtrans_g11.bad"/>
            </SESSIONEXTENSION>
            <SESSIONEXTENSION NAME ="Relational Writer" SINSTANCENAME ="RTRTRANS_g2" SUBTYPE ="Relational Writer" TRANSFORMATIONTYPE ="Target Definition" TYPE ="WRITER">
                <CONNECTIONREFERENCE CNXREFNAME ="DB Connection" CONNECTIONNAME ="Oracle" CONNECTIONNUMBER ="1" CONNECTIONSUBTYPE ="Oracle" CONNECTIONTYPE ="Relational" VARIABLE =""/>
                <ATTRIBUTE NAME ="Target load type" VALUE ="Bulk"/>
                <ATTRIBUTE NAME ="Insert" VALUE ="YES"/>
                <ATTRIBUTE NAME ="Update as Update" VALUE ="YES"/>
                <ATTRIBUTE NAME ="Update as Insert" VALUE ="NO"/>
                <ATTRIBUTE NAME ="Update else Insert" VALUE ="NO"/>
                <ATTRIBUTE NAME ="Delete" VALUE ="YES"/>
                <ATTRIBUTE NAME ="Truncate target table option" VALUE ="YES"/>
                <ATTRIBUTE NAME ="Reject file directory" VALUE ="$PMBadFileDir&#x5c;"/>
                <ATTRIBUTE NAME ="Reject filename" VALUE ="rtrtrans_g21.bad"/>
            </SESSIONEXTENSION>
            <SESSIONEXTENSION NAME ="Relational Writer" SINSTANCENAME ="RTRTRANS_g3" SUBTYPE ="Relational Writer" TRANSFORMATIONTYPE ="Target Definition" TYPE ="WRITER">
                <CONNECTIONREFERENCE CNXREFNAME ="DB Connection" CONNECTIONNAME ="Oracle" CONNECTIONNUMBER ="1" CONNECTIONSUBTYPE ="Oracle" CONNECTIONTYPE ="Relational" VARIABLE =""/>
                <ATTRIBUTE NAME ="Target load type" VALUE ="Bulk"/>
                <ATTRIBUTE NAME ="Insert" VALUE ="YES"/>
                <ATTRIBUTE NAME ="Update as Update" VALUE ="YES"/>
                <ATTRIBUTE NAME ="Update as Insert" VALUE ="NO"/>
                <ATTRIBUTE NAME ="Update else Insert" VALUE ="NO"/>
                <ATTRIBUTE NAME ="Delete" VALUE ="YES"/>
                <ATTRIBUTE NAME ="Truncate target table option" VALUE ="YES"/>
                <ATTRIBUTE NAME ="Reject file directory" VALUE ="$PMBadFileDir&#x5c;"/>
                <ATTRIBUTE NAME ="Reject filename" VALUE ="rtrtrans_g31.bad"/>
            </SESSIONEXTENSION>
            <SESSIONEXTENSION DSQINSTNAME ="SQ_Churn_Modelling2" DSQINSTTYPE ="Source Qualifier" NAME ="File Reader" SINSTANCENAME ="Churn_Modelling2" SUBTYPE ="File Reader" TRANSFORMATIONTYPE ="Source Definition" TYPE ="READER">
                <CONNECTIONREFERENCE CNXREFNAME ="Connection" CONNECTIONNAME ="" CONNECTIONNUMBER ="1" CONNECTIONSUBTYPE ="" CONNECTIONTYPE ="" VARIABLE =""/>
                <ATTRIBUTE NAME ="Input Type" VALUE ="File"/>
                <ATTRIBUTE NAME ="Concurrent read partitioning" VALUE ="Optimize throughput"/>
                <ATTRIBUTE NAME ="Command Type" VALUE ="Command Generating Data"/>
                <ATTRIBUTE NAME ="Source filetype" VALUE ="Direct"/>
                <ATTRIBUTE NAME ="Source file directory" VALUE ="C:&#x5c;Documents and Settings&#x5c;Mostafa&#x5c;Desktop&#x5c;example&#x5c;"/>
                <ATTRIBUTE NAME ="Source filename" VALUE ="Churn_Modelling2.csv"/>
                <ATTRIBUTE NAME ="Command" VALUE =""/>
                <ATTRIBUTE NAME ="File Reader Truncate String Null" VALUE ="NO"/>
                <ATTRIBUTE NAME ="Codepage Parameter" VALUE =""/>
            </SESSIONEXTENSION>
            <SESSIONEXTENSION NAME ="File Reader" SINSTANCENAME ="SQ_Churn_Modelling2" SUBTYPE ="File Reader" TRANSFORMATIONTYPE ="Source Qualifier" TYPE ="READER"/>
            <ATTRIBUTE NAME ="General Options" VALUE =""/>
            <ATTRIBUTE NAME ="Write Backward Compatible Session Log File" VALUE ="NO"/>
            <ATTRIBUTE NAME ="Session Log File Name" VALUE ="s_3rd_question.log"/>
            <ATTRIBUTE NAME ="Session Log File directory" VALUE ="$PMSessionLogDir&#x5c;"/>
            <ATTRIBUTE NAME ="Parameter Filename" VALUE =""/>
            <ATTRIBUTE NAME ="Enable Test Load" VALUE ="NO"/>
            <ATTRIBUTE NAME ="$Source connection value" VALUE =""/>
            <ATTRIBUTE NAME ="$Target connection value" VALUE =""/>
            <ATTRIBUTE NAME ="Treat source rows as" VALUE ="Insert"/>
            <ATTRIBUTE NAME ="Commit Type" VALUE ="Target"/>
            <ATTRIBUTE NAME ="Commit Interval" VALUE ="10000"/>
            <ATTRIBUTE NAME ="Commit On End Of File" VALUE ="YES"/>
            <ATTRIBUTE NAME ="Rollback Transactions on Errors" VALUE ="NO"/>
            <ATTRIBUTE NAME ="Recovery Strategy" VALUE ="Fail task and continue workflow"/>
            <ATTRIBUTE NAME ="Java Classpath" VALUE =""/>
            <ATTRIBUTE NAME ="Performance" VALUE =""/>
            <ATTRIBUTE NAME ="DTM buffer size" VALUE ="Auto"/>
            <ATTRIBUTE NAME ="Collect performance data" VALUE ="NO"/>
            <ATTRIBUTE NAME ="Write performance data to repository" VALUE ="NO"/>
            <ATTRIBUTE NAME ="Incremental Aggregation" VALUE ="NO"/>
            <ATTRIBUTE NAME ="Enable high precision" VALUE ="NO"/>
            <ATTRIBUTE NAME ="Session retry on deadlock" VALUE ="NO"/>
            <ATTRIBUTE NAME ="Pushdown Optimization" VALUE ="None"/>
            <ATTRIBUTE NAME ="Allow Temporary View for Pushdown" VALUE ="NO"/>
            <ATTRIBUTE NAME ="Allow Temporary Sequence for Pushdown" VALUE ="NO"/>
            <ATTRIBUTE NAME ="Allow Pushdown for User Incompatible Connections" VALUE ="NO"/>
        </SESSION>
        <TASKINSTANCE DESCRIPTION ="" ISENABLED ="YES" NAME ="Start" REUSABLE ="NO" TASKNAME ="Start" TASKTYPE ="Start"/>
        <TASKINSTANCE DESCRIPTION ="" FAIL_PARENT_IF_INSTANCE_DID_NOT_RUN ="NO" FAIL_PARENT_IF_INSTANCE_FAILS ="NO" ISENABLED ="YES" NAME ="s_3rd_question" REUSABLE ="NO" TASKNAME ="s_3rd_question" TASKTYPE ="Session" TREAT_INPUTLINK_AS_AND ="YES"/>
        <WORKFLOWLINK CONDITION ="" FROMTASK ="Start" TOTASK ="s_3rd_question"/>
        <WORKFLOWVARIABLE DATATYPE ="date/time" DEFAULTVALUE ="" DESCRIPTION ="The time this task started" ISNULL ="NO" ISPERSISTENT ="NO" NAME ="$Start.StartTime" USERDEFINED ="NO"/>
        <WORKFLOWVARIABLE DATATYPE ="date/time" DEFAULTVALUE ="" DESCRIPTION ="The time this task completed" ISNULL ="NO" ISPERSISTENT ="NO" NAME ="$Start.EndTime" USERDEFINED ="NO"/>
        <WORKFLOWVARIABLE DATATYPE ="integer" DEFAULTVALUE ="" DESCRIPTION ="Status of this task&apos;s execution" ISNULL ="NO" ISPERSISTENT ="NO" NAME ="$Start.Status" USERDEFINED ="NO"/>
        <WORKFLOWVARIABLE DATATYPE ="integer" DEFAULTVALUE ="" DESCRIPTION ="Status of the previous task that is not disabled" ISNULL ="NO" ISPERSISTENT ="NO" NAME ="$Start.PrevTaskStatus" USERDEFINED ="NO"/>
        <WORKFLOWVARIABLE DATATYPE ="integer" DEFAULTVALUE ="" DESCRIPTION ="Error code for this task&apos;s execution" ISNULL ="NO" ISPERSISTENT ="NO" NAME ="$Start.ErrorCode" USERDEFINED ="NO"/>
        <WORKFLOWVARIABLE DATATYPE ="string" DEFAULTVALUE ="" DESCRIPTION ="Error message for this task&apos;s execution" ISNULL ="NO" ISPERSISTENT ="NO" NAME ="$Start.ErrorMsg" USERDEFINED ="NO"/>
        <WORKFLOWVARIABLE DATATYPE ="date/time" DEFAULTVALUE ="" DESCRIPTION ="The time this task started" ISNULL ="NO" ISPERSISTENT ="NO" NAME ="$s_3rd_question.StartTime" USERDEFINED ="NO"/>
        <WORKFLOWVARIABLE DATATYPE ="date/time" DEFAULTVALUE ="" DESCRIPTION ="The time this task completed" ISNULL ="NO" ISPERSISTENT ="NO" NAME ="$s_3rd_question.EndTime" USERDEFINED ="NO"/>
        <WORKFLOWVARIABLE DATATYPE ="integer" DEFAULTVALUE ="" DESCRIPTION ="Status of this task&apos;s execution" ISNULL ="NO" ISPERSISTENT ="NO" NAME ="$s_3rd_question.Status" USERDEFINED ="NO"/>
        <WORKFLOWVARIABLE DATATYPE ="integer" DEFAULTVALUE ="" DESCRIPTION ="Status of the previous task that is not disabled" ISNULL ="NO" ISPERSISTENT ="NO" NAME ="$s_3rd_question.PrevTaskStatus" USERDEFINED ="NO"/>
        <WORKFLOWVARIABLE DATATYPE ="integer" DEFAULTVALUE ="" DESCRIPTION ="Error code for this task&apos;s execution" ISNULL ="NO" ISPERSISTENT ="NO" NAME ="$s_3rd_question.ErrorCode" USERDEFINED ="NO"/>
        <WORKFLOWVARIABLE DATATYPE ="string" DEFAULTVALUE ="" DESCRIPTION ="Error message for this task&apos;s execution" ISNULL ="NO" ISPERSISTENT ="NO" NAME ="$s_3rd_question.ErrorMsg" USERDEFINED ="NO"/>
        <WORKFLOWVARIABLE DATATYPE ="integer" DEFAULTVALUE ="" DESCRIPTION ="Rows successfully read" ISNULL ="NO" ISPERSISTENT ="NO" NAME ="$s_3rd_question.SrcSuccessRows" USERDEFINED ="NO"/>
        <WORKFLOWVARIABLE DATATYPE ="integer" DEFAULTVALUE ="" DESCRIPTION ="Rows failed to read" ISNULL ="NO" ISPERSISTENT ="NO" NAME ="$s_3rd_question.SrcFailedRows" USERDEFINED ="NO"/>
        <WORKFLOWVARIABLE DATATYPE ="integer" DEFAULTVALUE ="" DESCRIPTION ="Rows successfully loaded" ISNULL ="NO" ISPERSISTENT ="NO" NAME ="$s_3rd_question.TgtSuccessRows" USERDEFINED ="NO"/>
        <WORKFLOWVARIABLE DATATYPE ="integer" DEFAULTVALUE ="" DESCRIPTION ="Rows failed to load" ISNULL ="NO" ISPERSISTENT ="NO" NAME ="$s_3rd_question.TgtFailedRows" USERDEFINED ="NO"/>
        <WORKFLOWVARIABLE DATATYPE ="integer" DEFAULTVALUE ="" DESCRIPTION ="Total number of transformation errors" ISNULL ="NO" ISPERSISTENT ="NO" NAME ="$s_3rd_question.TotalTransErrors" USERDEFINED ="NO"/>
        <WORKFLOWVARIABLE DATATYPE ="integer" DEFAULTVALUE ="" DESCRIPTION ="First error code" ISNULL ="NO" ISPERSISTENT ="NO" NAME ="$s_3rd_question.FirstErrorCode" USERDEFINED ="NO"/>
        <WORKFLOWVARIABLE DATATYPE ="string" DEFAULTVALUE ="" DESCRIPTION ="First error message" ISNULL ="NO" ISPERSISTENT ="NO" NAME ="$s_3rd_question.FirstErrorMsg" USERDEFINED ="NO"/>
        <ATTRIBUTE NAME ="Parameter Filename" VALUE =""/>
        <ATTRIBUTE NAME ="Write Backward Compatible Workflow Log File" VALUE ="NO"/>
        <ATTRIBUTE NAME ="Workflow Log File Name" VALUE ="wf_3rd_question.log"/>
        <ATTRIBUTE NAME ="Workflow Log File Directory" VALUE ="$PMWorkflowLogDir&#x5c;"/>
        <ATTRIBUTE NAME ="Save Workflow log by" VALUE ="By runs"/>
        <ATTRIBUTE NAME ="Save workflow log for these runs" VALUE ="0"/>
        <ATTRIBUTE NAME ="Service Name" VALUE =""/>
        <ATTRIBUTE NAME ="Service Timeout" VALUE ="0"/>
        <ATTRIBUTE NAME ="Is Service Visible" VALUE ="NO"/>
        <ATTRIBUTE NAME ="Is Service Protected" VALUE ="NO"/>
        <ATTRIBUTE NAME ="Fail task after wait time" VALUE ="0"/>
        <ATTRIBUTE NAME ="Enable HA recovery" VALUE ="NO"/>
        <ATTRIBUTE NAME ="Automatically recover terminated tasks" VALUE ="NO"/>
        <ATTRIBUTE NAME ="Service Level Name" VALUE ="Default"/>
        <ATTRIBUTE NAME ="Allow concurrent run with unique run instance name" VALUE ="NO"/>
        <ATTRIBUTE NAME ="Allow concurrent run with same run instance name" VALUE ="NO"/>
        <ATTRIBUTE NAME ="Maximum number of concurrent runs" VALUE ="0"/>
        <ATTRIBUTE NAME ="Assigned Web Services Hubs" VALUE =""/>
        <ATTRIBUTE NAME ="Maximum number of concurrent runs per Hub" VALUE ="1000"/>
        <ATTRIBUTE NAME ="Expected Service Time" VALUE ="1"/>
    </WORKFLOW>
</FOLDER>
</REPOSITORY>
</POWERMART>